,Device Name,D3- 2934627 Vent 2,,,,,,,,,,,,,
,Device Model,Kestrel D3 FIRE,,,,,,,,,,,,,
,Serial Number,2934627,,,,,,,,,,,,,
,FORMATTED DATE_TIME,Temperature,Wet Bulb Temp,Relative Humidity,Station Pressure,Heat Index,Dew Point,Data Type,Record name,Start time,Duration (H:M:S),Location description,Location address,Location coordinates,Notes
,yyyy-MM-dd hh:mm:ss a,°C,°C,%,mb,°C,°C,,,,,,,,
10:25,8/1/2025 10:25,20.5,17.3,72.5,1054.5,20.6,15.4,point,,,,,,,
10:30,8/1/2025 10:30,20.9,16.7,65.2,1051.5,20.7,14.1,point,,,,,,,
10:35,8/1/2025 10:35,21,16.6,63.7,1051,20.9,13.9,point,,,,,,,
10:40,8/1/2025 10:40,21.1,16.5,62.9,1051,21,13.8,point,,,,,,,
10:45,8/1/2025 10:45,21,16.4,62.6,1050.9,20.9,13.6,point,,,,,,,
10:50,8/1/2025 10:50,20.8,16.2,62.6,1050.8,20.6,13.4,point,,,,,,,
10:55,8/1/2025 10:55,20.2,15.9,64.2,1050.6,19.9,13.2,point,,,,,,,
11:00,8/1/2025 11:00,19.9,15.8,65.1,1050.9,19.5,13.2,point,,,,,,,
11:05,8/1/2025 11:05,20.1,16,65.8,1050.7,19.6,13.5,point,,,,,,,
11:10,8/1/2025 11:10,20.4,16.1,64,1050.8,20.1,13.4,point,,,,,,,
11:15,8/1/2025 11:15,20.7,16.2,62.9,1051.7,20.5,13.4,point,,,,,,,
11:20,8/1/2025 11:20,21.2,16.8,65,1051.7,21.1,14.3,point,,,,,,,
11:25,8/1/2025 11:25,21.4,16.8,63,1051.9,21.4,14.1,point,,,,,,,
11:30,8/1/2025 11:30,21.3,16.7,63.1,1055.1,21.4,14,point,,,,,,,
11:35,8/1/2025 11:35,21.4,16.9,63.6,1050.7,21.4,14.2,point,,,,,,,
11:40,8/1/2025 11:40,21.9,18.1,69.2,1050,22.2,16,point,,,,,,,
11:45,8/1/2025 11:45,22.4,18.5,69.1,1049.9,22.7,16.4,point,,,,,,,
11:50,8/1/2025 11:50,22.5,18.4,68,1049.5,22.7,16.3,point,,,,,,,
11:55,8/1/2025 11:55,22.6,18.5,67.6,1049.5,22.9,16.3,point,,,,,,,
12:00,8/1/2025 12:00,22.5,18.1,65.4,1049.3,22.6,15.7,point,,,,,,,
12:05,8/1/2025 12:05,22.5,18.3,66.5,1049.4,22.7,15.9,point,,,,,,,
12:10,8/1/2025 12:10,22.4,18,65.5,1049.4,22.6,15.7,point,,,,,,,
12:15,8/1/2025 12:15,22,17.4,63.8,1049.4,22.1,14.8,point,,,,,,,
12:20,8/1/2025 12:20,22.3,18,66.4,1048.8,22.5,15.7,point,,,,,,,
12:25,8/1/2025 12:25,22.1,18,66.6,1049,22.4,15.6,point,,,,,,,
12:30,8/1/2025 12:30,22.4,18.4,68.4,1048.9,22.7,16.3,point,,,,,,,
12:35,8/1/2025 12:35,22.5,18.6,68.9,1048.8,22.8,16.5,point,,,,,,,
12:40,8/1/2025 12:40,22.6,18.6,68.6,1048.7,22.8,16.5,point,,,,,,,
12:45,8/1/2025 12:45,22.6,18.5,67.9,1048.5,22.8,16.3,point,,,,,,,
12:50,8/1/2025 12:50,22.6,18.4,67.4,1048.3,22.8,16.2,point,,,,,,,
12:55,8/1/2025 12:55,22.5,18.3,67.2,1048.1,22.8,16.1,point,,,,,,,
13:00,8/1/2025 13:00,22.6,18.5,67.4,1048,22.9,16.3,point,,,,,,,
13:05,8/1/2025 13:05,22.5,18.2,66.2,1048,22.8,15.9,point,,,,,,,
13:10,8/1/2025 13:10,22.5,18.2,66.2,1047.7,22.7,15.8,point,,,,,,,
13:15,8/1/2025 13:15,22.4,18.1,66.4,1047.6,22.7,15.8,point,,,,,,,
13:20,8/1/2025 13:20,22.4,18.1,66.3,1048,22.6,15.8,point,,,,,,,
13:25,8/1/2025 13:25,22.4,18.1,66.2,1047.9,22.6,15.8,point,,,,,,,
13:30,8/1/2025 13:30,25.4,20.9,66.2,1047.5,26.2,18.7,point,,,,,,,
13:35,8/1/2025 13:35,26.4,21.2,63,1047.7,27.4,18.8,point,,,,,,,
13:40,8/1/2025 13:40,27.6,21.7,59.5,1047.5,28.9,19,point,,,,,,,
13:45,8/1/2025 13:45,27.8,21.4,56.8,1048,28.9,18.5,point,,,,,,,
13:50,8/1/2025 13:50,29.3,22.7,56.5,1047.4,31.7,19.8,point,,,,,,,
13:55,8/1/2025 13:55,28.2,21.1,53.1,1047.4,28.9,17.7,point,,,,,,,
14:00,8/1/2025 14:00,26.6,19.9,53.6,1047.1,26.9,16.5,point,,,,,,,
14:05,8/1/2025 14:05,29.9,23.3,57.5,1047.2,33,20.6,point,,,,,,,
14:10,8/1/2025 14:10,29.9,23,55.3,1047.1,32.6,20,point,,,,,,,
14:15,8/1/2025 14:15,30.2,23,53.9,1046.8,32.9,19.9,point,,,,,,,
14:20,8/1/2025 14:20,30.1,22.8,53.7,1046.9,32.5,19.6,point,,,,,,,
14:25,8/1/2025 14:25,30.4,23,53.4,1046.8,33.2,19.9,point,,,,,,,
14:30,8/1/2025 14:30,30.4,22.7,51.9,1046.7,32.7,19.4,point,,,,,,,
14:35,8/1/2025 14:35,27.6,20.8,53.9,1046.8,28.2,17.4,point,,,,,,,
14:40,8/1/2025 14:40,26.8,20.6,57.2,1046.9,27.3,17.6,point,,,,,,,
14:45,8/1/2025 14:45,28,21.7,57.1,1046.8,29.2,18.8,point,,,,,,,
14:50,8/1/2025 14:50,30.2,23.3,56.2,1046.8,33.1,20.5,point,,,,,,,
14:55,8/1/2025 14:55,28.1,21.2,54.4,1046.9,28.9,18,point,,,,,,,
15:00,8/1/2025 15:00,26.1,19.9,56.6,1046.9,26.4,16.8,point,,,,,,,
15:05,8/1/2025 15:05,24.4,18.8,58.8,1046.6,24.2,15.8,point,,,,,,,
15:10,8/1/2025 15:10,26.4,21,61.9,1047,27.2,18.5,point,,,,,,,
15:15,8/1/2025 15:15,28.4,22.5,60.6,1046.8,30.3,20,point,,,,,,,
15:20,8/1/2025 15:20,29.1,22.6,57,1046.7,31.4,19.7,point,,,,,,,
15:25,8/1/2025 15:25,27.1,20.6,55.5,1046.8,27.7,17.5,point,,,,,,,
15:30,8/1/2025 15:30,26.1,20.3,58.6,1046.6,26.6,17.4,point,,,,,,,
15:35,8/1/2025 15:35,28.1,21.9,58.3,1046.6,29.4,19.1,point,,,,,,,
15:40,8/1/2025 15:40,28.9,22.2,56.1,1046.5,30.9,19.3,point,,,,,,,
15:45,8/1/2025 15:45,32.1,23.3,47.5,1046.5,35,19.5,point,,,,,,,
15:50,8/1/2025 15:50,30.3,21.6,46.2,1046.4,31.6,17.5,point,,,,,,,
15:55,8/1/2025 15:55,29.3,21,47.6,1046.6,30.1,17,point,,,,,,,
16:00,8/1/2025 16:00,28.9,21.2,50,1046.6,29.9,17.4,point,,,,,,,
16:05,8/1/2025 16:05,27.9,20.7,52.3,1046.5,28.3,17.2,point,,,,,,,
16:10,8/1/2025 16:10,28,21.2,54.4,1046.6,28.9,18,point,,,,,,,
16:15,8/1/2025 16:15,27.2,20.6,55.4,1046.4,27.9,17.5,point,,,,,,,
16:20,8/1/2025 16:20,25.4,19.5,57.8,1046.7,25.3,16.4,point,,,,,,,
16:25,8/1/2025 16:25,24.3,18.8,59.2,1046.7,24.2,15.9,point,,,,,,,
16:30,8/1/2025 16:30,24.4,18.9,59,1046.1,24.3,15.9,point,,,,,,,
16:35,8/1/2025 16:35,24.2,18.3,56.3,1047.3,23.8,14.9,point,,,,,,,
16:40,8/1/2025 16:40,24.5,19,59.4,1047.1,24.4,16.1,point,,,,,,,
,,,,,,,,,,,,,,,
,Average,28.3030303,21.60909091,,,,,,,,,,,,
,90th percentile,30.28,23,,,,,,,,,,,,
,Peak,32.1,23.3,,,,,,,,,,,,
