,Device Name,Vent 5 - 3062418,,,,,,,,,,,,,
,Device Model,Kestrel D3 FIRE,,,,,,,,,,,,,
,Serial Number,3062418,,,,,,,,,,,,,
,FORMATTED DATE_TIME,Temperature,Wet Bulb Temp,Relative Humidity,Station Pressure,Heat Index,Dew Point,Data Type,Record name,Start time,Duration (H:M:S),Location description,Location address,Location coordinates,Notes
,yyyy-MM-dd hh:mm:ss a,°C,°C,%,mb,°C,°C,,,,,,,,
10:20,8/1/2025 10:20,18.6,15.8,75.5,1049.9,18.1,14.1,point,,,,,,,
10:25,8/1/2025 10:25,19.5,15.9,69.2,1053.4,19.1,13.7,point,,,,,,,
10:30,8/1/2025 10:30,20,16,66.1,1050.4,19.6,13.5,point,,,,,,,
10:35,8/1/2025 10:35,20.2,16,64.8,1050,19.9,13.4,point,,,,,,,
10:40,8/1/2025 10:40,20.4,16,63.8,1049.9,20.1,13.3,point,,,,,,,
10:45,8/1/2025 10:45,20.6,16.1,63.2,1049.8,20.2,13.3,point,,,,,,,
10:50,8/1/2025 10:50,20.5,16.1,63.1,1049.8,20.2,13.3,point,,,,,,,
10:55,8/1/2025 10:55,20.3,16,64,1049.5,20,13.3,point,,,,,,,
11:00,8/1/2025 11:00,20,15.7,64.1,1049.7,19.5,13,point,,,,,,,
11:05,8/1/2025 11:05,19.8,15.7,65.5,1049.6,19.3,13.2,point,,,,,,,
11:10,8/1/2025 11:10,19.9,15.8,65.5,1049.7,19.3,13.2,point,,,,,,,
11:15,8/1/2025 11:15,19.6,15.6,66.4,1050.8,19,13.1,point,,,,,,,
11:20,8/1/2025 11:20,19.7,16.2,69.6,1050.6,19.4,14,point,,,,,,,
11:25,8/1/2025 11:25,19.8,16,68.1,1050.7,19.3,13.7,point,,,,,,,
11:30,8/1/2025 11:30,19.9,16.1,67.6,1054.1,19.6,13.7,point,,,,,,,
11:35,8/1/2025 11:35,20.6,16.8,68.5,1049.5,20.5,14.6,point,,,,,,,
11:40,8/1/2025 11:40,20.9,16.8,65.7,1049.5,20.8,14.3,point,,,,,,,
11:45,8/1/2025 11:45,21.2,16.8,63.8,1049.3,21.1,14.1,point,,,,,,,
11:50,8/1/2025 11:50,21.3,16.7,62.6,1048.8,21.3,13.9,point,,,,,,,
11:55,8/1/2025 11:55,21.4,16.8,62.6,1047.8,21.3,13.9,point,,,,,,,
12:00,8/1/2025 12:00,21.1,15.8,58.1,1047.6,20.7,12.5,point,,,,,,,
12:05,8/1/2025 12:05,20.8,15.7,58.6,1047.3,20.5,12.4,point,,,,,,,
12:10,8/1/2025 12:10,19.2,13.2,49.9,1047.2,17.7,8.6,point,,,,,,,
12:15,8/1/2025 12:15,19.6,14.6,58.2,1047.6,18.8,11.2,point,,,,,,,
12:20,8/1/2025 12:20,19.3,14,55.5,1046.8,18,10.2,point,,,,,,,
12:25,8/1/2025 12:25,18.9,13.9,57.4,1047.3,17.6,10.3,point,,,,,,,
12:30,8/1/2025 12:30,18.5,13.5,56.9,1047,17,9.8,point,,,,,,,
12:35,8/1/2025 12:35,18.2,13.2,56.8,1046.9,16.8,9.5,point,,,,,,,
12:40,8/1/2025 12:40,18.1,13.2,57,1046.8,16.7,9.5,point,,,,,,,
12:45,8/1/2025 12:45,18,13.1,57,1046.7,16.6,9.4,point,,,,,,,
12:50,8/1/2025 12:50,18.1,13.2,57.3,1046.7,16.6,9.5,point,,,,,,,
12:55,8/1/2025 12:55,18,13.1,57.3,1046.4,16.6,9.4,point,,,,,,,
13:00,8/1/2025 13:00,18,13.1,57.3,1046.5,16.5,9.4,point,,,,,,,
13:05,8/1/2025 13:05,18,13.1,57.3,1046.3,16.5,9.4,point,,,,,,,
13:10,8/1/2025 13:10,17.9,13,57.2,1046,16.4,9.3,point,,,,,,,
13:15,8/1/2025 13:15,17.9,13,57.2,1045.9,16.4,9.3,point,,,,,,,
13:20,8/1/2025 13:20,17.9,13,57.5,1046.1,16.4,9.4,point,,,,,,,
13:25,8/1/2025 13:25,18,13.1,57.5,1046.2,16.5,9.4,point,,,,,,,
13:30,8/1/2025 13:30,18.4,14.1,62.3,1045.7,17.3,11.1,point,,,,,,,
13:35,8/1/2025 13:35,19,15.3,68.3,1046,18.4,13,point,,,,,,,
13:40,8/1/2025 13:40,18.4,14,60.9,1046,17.2,10.8,point,,,,,,,
13:45,8/1/2025 13:45,18.2,13.5,58.6,1046.3,16.9,10,point,,,,,,,
13:50,8/1/2025 13:50,18.3,13.6,58.9,1045.5,16.9,10.1,point,,,,,,,
13:55,8/1/2025 13:55,18.2,13.4,58.2,1045.7,16.8,9.8,point,,,,,,,
14:00,8/1/2025 14:00,18.1,13.2,58.1,1045.4,16.6,9.7,point,,,,,,,
14:05,8/1/2025 14:05,18,13.2,58,1045.4,16.6,9.7,point,,,,,,,
14:10,8/1/2025 14:10,18,13.2,58,1045.6,16.6,9.6,point,,,,,,,
14:15,8/1/2025 14:15,18,13.2,57.8,1045.4,16.6,9.6,point,,,,,,,
14:20,8/1/2025 14:20,18,13.1,57.7,1045.4,16.6,9.5,point,,,,,,,
14:25,8/1/2025 14:25,18,13.1,57.6,1045.3,16.5,9.5,point,,,,,,,
14:30,8/1/2025 14:30,18,13.1,57.6,1045.2,16.6,9.5,point,,,,,,,
14:35,8/1/2025 14:35,18,13.1,57.4,1045.2,16.5,9.4,point,,,,,,,
14:40,8/1/2025 14:40,18,13.1,57.1,1045,16.6,9.4,point,,,,,,,
14:45,8/1/2025 14:45,18,13,56.6,1045.3,16.5,9.2,point,,,,,,,
14:50,8/1/2025 14:50,18,13,56.6,1045,16.5,9.2,point,,,,,,,
14:55,8/1/2025 14:55,17.9,13,56.9,1045.4,16.5,9.3,point,,,,,,,
15:00,8/1/2025 15:00,18.1,13.3,57.5,1045.3,16.7,9.6,point,,,,,,,
15:05,8/1/2025 15:05,17.9,12.9,56.2,1045,16.3,9,point,,,,,,,
15:10,8/1/2025 15:10,18,13.2,58.4,1045.2,16.7,9.7,point,,,,,,,
15:15,8/1/2025 15:15,18,13.2,58.2,1045.1,16.5,9.6,point,,,,,,,
15:20,8/1/2025 15:20,18,13.2,58.1,1044.9,16.5,9.6,point,,,,,,,
15:25,8/1/2025 15:25,18,13.2,58.3,1045.2,16.7,9.7,point,,,,,,,
15:30,8/1/2025 15:30,18,13.2,58.1,1045,16.6,9.6,point,,,,,,,
15:35,8/1/2025 15:35,18,13.2,57.9,1045.1,16.5,9.6,point,,,,,,,
15:40,8/1/2025 15:40,18,13.1,57.8,1045,16.5,9.5,point,,,,,,,
15:45,8/1/2025 15:45,18,13.2,57.8,1044.9,16.5,9.6,point,,,,,,,
15:50,8/1/2025 15:50,18,13.1,57.8,1045,16.5,9.5,point,,,,,,,
15:55,8/1/2025 15:55,18,13.2,57.8,1044.9,16.5,9.6,point,,,,,,,
16:00,8/1/2025 16:00,18,13.2,57.9,1045,16.6,9.6,point,,,,,,,
16:05,8/1/2025 16:05,18,13.2,57.8,1045.1,16.6,9.6,point,,,,,,,
16:10,8/1/2025 16:10,18,13.1,57.6,1045,16.5,9.5,point,,,,,,,
16:15,8/1/2025 16:15,18,13.1,57.7,1044.7,16.5,9.5,point,,,,,,,
16:20,8/1/2025 16:20,17.9,13,57.5,1045,16.4,9.4,point,,,,,,,
16:25,8/1/2025 16:25,18,13.1,57.8,1045,16.5,9.5,point,,,,,,,
16:30,8/1/2025 16:30,18,13.1,57.7,1045.3,16.5,9.5,point,,,,,,,
16:35,8/1/2025 16:35,18.9,15.5,70.5,1046.2,18.2,13.4,point,,,,,,,
16:40,8/1/2025 16:40,19.9,16.8,73.2,1046.1,19.9,15,point,,,,,,,
,,,,,,,,,,,,,,,
,Average,18.07575758,13.29393939,,,,,,,,,,,,
,90th percentile,18.28,13.58,,,,,,,,,,,,
,Peak,19,15.3,,,,,,,,,,,,
